<?xml version="1.0" encoding="utf-8"?>
<prefix name="contactus" label="Contact Us" language_tag="en" language_label="English"><key name="admin_dept_heading"><value>Contact us: Departments</value></key><key name="admin_dept_title"><value>Contact us: Departments</value></key><key name="after_install_notification"><value>Please &lt;a href='{$url}'&gt;create&lt;/a&gt; at least one department for the contact page.</value></key><key name="bottom_menu_item"><value>Contact Us</value></key><key name="form_add_dept_submit"><value>Add new</value></key><key name="form_label_captcha"><value>Secure image</value></key><key name="form_label_from"><value>Your e-mail</value></key><key name="form_label_message"><value>Message</value></key><key name="form_label_subject"><value>Subject</value></key><key name="form_label_submit"><value>Send</value></key><key name="form_label_to"><value>To</value></key><key name="index_page_heading"><value>Contact us</value></key><key name="index_page_title"><value>Contact us</value></key><key name="label_invitation_email"><value>email</value></key><key name="label_invitation_label"><value>label</value></key><key name="message_sent"><value>Your message has been sent. {$dept} will reply shortly. Thank you.</value></key><key name="no_department"><value>There is no such department</value></key>
<key name="seo_meta_contactus_label"><value>Contact Page</value></key>
<key name="meta_title_contactus"><value>Contacts | {$site_name}</value></key>
<key name="meta_desc_contactus"><value>Contact us if you have any questions regarding {$site_name} website.</value></key>
<key name="meta_keywords_contactus"><value></value></key>
</prefix>
